<!DOCTYPE konfigurationsBereich PUBLIC "-//K2S//DTD Dokument//DE" "K2S.dtd">
<konfigurationsBereich pid="kb.fehlerTlsTest" verantwortlich="kv.aoe.bitctrl.tester">
    <konfigurationsAenderung stand="12.11.2007" autor="Thomas Thierfelder, BitCtrl Systems GmbH" grund="Test">
		Bereich zum Test der SWE 4.DeFa erzeugt.</konfigurationsAenderung>
    <modell>
    
		<typDefinition pid="typ.deTest" name="DeTest">
			<info>
				<kurzinfo>Test-DE nach PrSpez</kurzinfo>
			</info>
			<erweitert pid="typ.de"/>
			<attributgruppe pid="atg.test"/>
			<attributgruppe pid="atg.tlsUfdBetriebsParameter"/>
		</typDefinition>
		
		<attributgruppenDefinition pid="atg.test" name="Test">
			<info>
				<kurzinfo>Test-ATG</kurzinfo>
			</info>
			<aspekt pid="asp.tlsAntwort" onlineModus="quelleUndSenke"/>
			<attribut pid="att.tlsLveNegativeQuittung" name="Code"/>
		</attributgruppenDefinition>	    
    
    </modell>
    <objekte>

		<konfigurationsObjekt pid="vrz" name="vrz" typ="typ.vrz">
			<info>
				<kurzinfo>info</kurzinfo>
			</info>
			<objektMenge name="AnschlussPunkteGerät">
				<element pid="ap.vrz" />
			</objektMenge>
		</konfigurationsObjekt>

		<konfigurationsObjekt pid="ap.vrz" name="ap.vrz" typ="typ.anschlussPunkt">
			<info>
				<kurzinfo>info</kurzinfo>
			</info>
			<objektMenge name="AnschlussPunkteKommunikationsPartner">
				<element pid="kp.ap.vrz" />
			</objektMenge>
		</konfigurationsObjekt>

		<konfigurationsObjekt pid="kp.ap.vrz" name="kp.ap.vrz" typ="typ.anschlussPunktKommunikationsPartner">
			<info>
				<kurzinfo>info</kurzinfo>
			</info>
			<datensatz attributgruppe="atg.anschlussPunktKommunikationsPartner">
				<datum name="Bezeichnung" wert="egal" />
				<datum name="ProtokollTyp" wert="egal" />
				<datum name="KommunikationsPartner" wert="viz" />
				<datum name="PortNummer" wert="1" />
			</datensatz>
		</konfigurationsObjekt>


		<konfigurationsObjekt pid="viz" name="viz" typ="typ.viz">
			<info>
				<kurzinfo>info</kurzinfo>
			</info>
			<objektMenge name="AnschlussPunkteGerät">
				<element pid="ap.viz" />
			</objektMenge>
		</konfigurationsObjekt>

		<konfigurationsObjekt pid="ap.viz" name="ap.viz" typ="typ.anschlussPunkt">
			<info>
				<kurzinfo>info</kurzinfo>
			</info>
			<objektMenge name="AnschlussPunkteKommunikationsPartner">
				<element pid="kp.ap.viz" />
			</objektMenge>
		</konfigurationsObjekt>

		<konfigurationsObjekt pid="kp.ap.viz" name="kp.ap.viz" typ="typ.anschlussPunktKommunikationsPartner">
			<info>
				<kurzinfo>info</kurzinfo>
			</info>
			<datensatz attributgruppe="atg.anschlussPunktKommunikationsPartner">
				<datum name="Bezeichnung" wert="egal" />
				<datum name="ProtokollTyp" wert="egal" />
				<datum name="KommunikationsPartner" wert="uz" />
				<datum name="PortNummer" wert="1" />
			</datensatz>
		</konfigurationsObjekt>


		<konfigurationsObjekt pid="uz" name="uz" typ="typ.uz">
			<info>
				<kurzinfo>info</kurzinfo>
			</info>
			<objektMenge name="AnschlussPunkteGerät">
				<element pid="ap.uz" />
			</objektMenge>
		</konfigurationsObjekt>

		<konfigurationsObjekt pid="ap.uz" name="ap.uz" typ="typ.anschlussPunkt">
			<info>
				<kurzinfo>info</kurzinfo>
			</info>
			<objektMenge name="AnschlussPunkteKommunikationsPartner">
				<element pid="kp.ap.uz" />
			</objektMenge>
		</konfigurationsObjekt>

		<konfigurationsObjekt pid="kp.ap.uz" name="kp.ap.uz" typ="typ.anschlussPunktKommunikationsPartner">
			<info>
				<kurzinfo>info</kurzinfo>
			</info>
			<datensatz attributgruppe="atg.anschlussPunktKommunikationsPartner">
				<datum name="Bezeichnung" wert="egal" />
				<datum name="ProtokollTyp" wert="egal" />
				<datum name="KommunikationsPartner" wert="kri" />
				<datum name="PortNummer" wert="1" />
			</datensatz>
		</konfigurationsObjekt>


		<konfigurationsObjekt pid="kri" name="kri" typ="typ.kri">
			<info>
				<kurzinfo>info</kurzinfo>
			</info>
			<objektMenge name="AnschlussPunkteGerät">
				<element pid="ap.kri" />
			</objektMenge>
		</konfigurationsObjekt>

		<konfigurationsObjekt pid="ap.kri" name="ap.kri" typ="typ.anschlussPunkt">
			<info>
				<kurzinfo>info</kurzinfo>
			</info>
			<objektMenge name="AnschlussPunkteKommunikationsPartner">
				<element pid="kp.ap.kri" />
			</objektMenge>
		</konfigurationsObjekt>

		<konfigurationsObjekt pid="kp.ap.kri" name="kp.ap.kri" typ="typ.anschlussPunktKommunikationsPartner">
			<info>
				<kurzinfo>info</kurzinfo>
			</info>
			<datensatz attributgruppe="atg.anschlussPunktKommunikationsPartner">
				<datum name="Bezeichnung" wert="egal" />
				<datum name="ProtokollTyp" wert="egal" />
				<datum name="KommunikationsPartner" wert="sm" />
				<datum name="PortNummer" wert="1" />
			</datensatz>
		</konfigurationsObjekt>


		<konfigurationsObjekt pid="sm" name="sm" typ="typ.steuerModul">
			<info>
				<kurzinfo>info</kurzinfo>
			</info>
			<objektMenge name="AnschlussPunkteGerät">
			</objektMenge>
			<objektMenge name="Eak">
				<element pid="eak" />
			</objektMenge>
		</konfigurationsObjekt>

		<konfigurationsObjekt pid="eak" name="eak" typ="typ.eak">
			<info>
				<kurzinfo>info</kurzinfo>
			</info>
			<objektMenge name="De">
				<element pid="deUfd" />
			</objektMenge>
		</konfigurationsObjekt>

		<konfigurationsObjekt pid="deUfd" name="deUfd" typ="typ.deUfd">
			<info>
				<kurzinfo>info</kurzinfo>
			</info>
		</konfigurationsObjekt>

<!-- Teil1 -->

		<konfigurationsObjekt pid="kri1" name="kri1" typ="typ.kri">
			<info>
				<kurzinfo>info</kurzinfo>
			</info>
			<objektMenge name="AnschlussPunkteGerät">
				<element pid="kri1.ib1" />
				<element pid="kri1.ib2" />
			</objektMenge>
		</konfigurationsObjekt>
		
<!-- Anschlusspunkte -->

		<konfigurationsObjekt pid="kri1.ib1" name="kri1.ib1" typ="typ.anschlussPunkt">
			<info>
				<kurzinfo>info</kurzinfo>
			</info>
			<objektMenge name="AnschlussPunkteKommunikationsPartner">
				<element pid="kri1.ib1.apkp1" />
			</objektMenge>
		</konfigurationsObjekt>
		
		<konfigurationsObjekt pid="kri1.ib2" name="kri1.ib2" typ="typ.anschlussPunkt">
			<info>
				<kurzinfo>info</kurzinfo>
			</info>
			<objektMenge name="AnschlussPunkteKommunikationsPartner">
				<element pid="kri1.ib2.apkp1" />
				<element pid="kri1.ib2.apkp2" />
				<element pid="kri1.ib2.apkp3" />
			</objektMenge>
		</konfigurationsObjekt>
		
<!-- Kommunikationspartner -->
		
		<konfigurationsObjekt pid="kri1.ib1.apkp1" name="kri1.ib1.apkp1" typ="typ.anschlussPunktKommunikationsPartner">
			<info>
				<kurzinfo>info</kurzinfo>
			</info>
			<datensatz attributgruppe="atg.anschlussPunktKommunikationsPartner">
				<datum name="Bezeichnung" wert="egal" />
				<datum name="ProtokollTyp" wert="egal" />
				<datum name="KommunikationsPartner" wert="kri1.ib1.sm1" />
				<datum name="PortNummer" wert="1" />
			</datensatz>
		</konfigurationsObjekt>
		
		<konfigurationsObjekt pid="kri1.ib2.apkp1" name="kri1.ib2.apkp1" typ="typ.anschlussPunktKommunikationsPartner">
			<info>
				<kurzinfo>info</kurzinfo>
			</info>
			<datensatz attributgruppe="atg.anschlussPunktKommunikationsPartner">
				<datum name="Bezeichnung" wert="egal" />
				<datum name="ProtokollTyp" wert="egal" />
				<datum name="KommunikationsPartner" wert="kri1.ib2.sm1" />
				<datum name="PortNummer" wert="1" />
			</datensatz>
		</konfigurationsObjekt>

		<konfigurationsObjekt pid="kri1.ib2.apkp2" name="kri1.ib2.apkp2" typ="typ.anschlussPunktKommunikationsPartner">
			<info>
				<kurzinfo>info</kurzinfo>
			</info>
			<datensatz attributgruppe="atg.anschlussPunktKommunikationsPartner">
				<datum name="Bezeichnung" wert="egal" />
				<datum name="ProtokollTyp" wert="egal" />
				<datum name="KommunikationsPartner" wert="kri1.ib2.sm2" />
				<datum name="PortNummer" wert="1" />
			</datensatz>
		</konfigurationsObjekt>
		
		<konfigurationsObjekt pid="kri1.ib2.apkp3" name="kri1.ib2.apkp3" typ="typ.anschlussPunktKommunikationsPartner">
			<info>
				<kurzinfo>info</kurzinfo>
			</info>
			<datensatz attributgruppe="atg.anschlussPunktKommunikationsPartner">
				<datum name="Bezeichnung" wert="egal" />
				<datum name="ProtokollTyp" wert="egal" />
				<datum name="KommunikationsPartner" wert="kri1.ib2.sm3" />
				<datum name="PortNummer" wert="1" />
			</datensatz>
		</konfigurationsObjekt>
		
<!-- Steuermodule -->		

		<konfigurationsObjekt pid="kri1.ib1.sm1" name="kri1.ib1.sm1" typ="typ.steuerModul">
			<info>
				<kurzinfo>info</kurzinfo>
			</info>
			<objektMenge name="AnschlussPunkteGerät">
			</objektMenge>
			<objektMenge name="Eak">
				<element pid="kri1.ib1.sm1.eakufd1" />
				<element pid="kri1.ib1.sm1.eaklve1" />
			</objektMenge>
		</konfigurationsObjekt>

		<konfigurationsObjekt pid="kri1.ib2.sm1" name="kri1.ib2.sm1" typ="typ.steuerModul">
			<info>
				<kurzinfo>info</kurzinfo>
			</info>
			<objektMenge name="AnschlussPunkteGerät">
			</objektMenge>
			<objektMenge name="Eak">
				<element pid="kri1.ib2.sm1.eakufd1" />
				<element pid="kri1.ib2.sm1.eaklve1" />
			</objektMenge>
		</konfigurationsObjekt>
		
		<konfigurationsObjekt pid="kri1.ib2.sm2" name="kri1.ib2.sm2" typ="typ.steuerModul">
			<info>
				<kurzinfo>info</kurzinfo>
			</info>
			<objektMenge name="AnschlussPunkteGerät">
			</objektMenge>
			<objektMenge name="Eak">
				<element pid="kri1.ib2.sm2.eaklve1" />
			</objektMenge>
		</konfigurationsObjekt>
		
		<konfigurationsObjekt pid="kri1.ib2.sm3" name="kri1.ib2.sm3" typ="typ.steuerModul">
			<info>
				<kurzinfo>info</kurzinfo>
			</info>
			<objektMenge name="AnschlussPunkteGerät">
			</objektMenge>
			<objektMenge name="Eak">
				<element pid="kri1.ib2.sm3.eaklve1" />
			</objektMenge>
		</konfigurationsObjekt>

<!-- EAKs -->

		<konfigurationsObjekt pid="kri1.ib1.sm1.eakufd1" name="kri1.ib1.sm1.eakufd1" typ="typ.eak">
			<info>
				<kurzinfo>info</kurzinfo>
			</info>
			<objektMenge name="De">
				<element pid="kri1.ib1.sm1.eakufd1.de1" />
				<element pid="kri1.ib1.sm1.eakufd1.de2" />
			</objektMenge>
		</konfigurationsObjekt>

		<konfigurationsObjekt pid="kri1.ib1.sm1.eaklve1" name="kri1.ib1.sm1.eaklve1" typ="typ.eak">
			<info>
				<kurzinfo>info</kurzinfo>
			</info>
			<objektMenge name="De">
				<element pid="kri1.ib1.sm1.eaklve1.de1" />
			</objektMenge>
		</konfigurationsObjekt>

		<konfigurationsObjekt pid="kri1.ib2.sm1.eakufd1" name="kri1.ib2.sm1.eakufd1" typ="typ.eak">
			<info>
				<kurzinfo>info</kurzinfo>
			</info>
			<objektMenge name="De">
				<element pid="kri1.ib2.sm1.eakufd1.de1" />
				<element pid="kri1.ib2.sm1.eakufd1.de2" />
			</objektMenge>
		</konfigurationsObjekt>

		<konfigurationsObjekt pid="kri1.ib2.sm1.eaklve1" name="kri1.ib2.sm1.eaklve1" typ="typ.eak">
			<info>
				<kurzinfo>info</kurzinfo>
			</info>
			<objektMenge name="De">
				<element pid="kri1.ib2.sm1.eaklve1.de1" />
			</objektMenge>
		</konfigurationsObjekt>

		<konfigurationsObjekt pid="kri1.ib2.sm2.eaklve1" name="kri1.ib2.sm2.eaklve1" typ="typ.eak">
			<info>
				<kurzinfo>info</kurzinfo>
			</info>
			<objektMenge name="De">
				<element pid="kri1.ib2.sm2.eaklve1.de1" />
				<element pid="kri1.ib2.sm2.eaklve1.de2" />
			</objektMenge>
		</konfigurationsObjekt>
		
		<konfigurationsObjekt pid="kri1.ib2.sm3.eaklve1" name="kri1.ib2.sm3.eaklve1" typ="typ.eak">
			<info>
				<kurzinfo>info</kurzinfo>
			</info>
			<objektMenge name="De">
				<element pid="kri1.ib2.sm3.eaklve1.de1" />
			</objektMenge>
		</konfigurationsObjekt>

<!-- Des -->

		<konfigurationsObjekt pid="kri1.ib1.sm1.eakufd1.de1" name="kri1.ib1.sm1.eakufd1.de1" typ="typ.deUfd">
			<info>
				<kurzinfo>info</kurzinfo>
			</info>
		</konfigurationsObjekt>
		
		<konfigurationsObjekt pid="kri1.ib1.sm1.eakufd1.de2" name="kri1.ib1.sm1.eakufd1.de2" typ="typ.deUfd">
			<info>
				<kurzinfo>info</kurzinfo>
			</info>
		</konfigurationsObjekt>
		
		<konfigurationsObjekt pid="kri1.ib1.sm1.eaklve1.de1" name="kri1.ib1.sm1.eaklve1.de1" typ="typ.deLve">
			<info>
				<kurzinfo>info</kurzinfo>
			</info>
		</konfigurationsObjekt>

		<konfigurationsObjekt pid="kri1.ib2.sm1.eakufd1.de1" name="kri1.ib2.sm1.eakufd1.de1" typ="typ.deUfd">
			<info>
				<kurzinfo>info</kurzinfo>
			</info>
		</konfigurationsObjekt>
		
		<konfigurationsObjekt pid="kri1.ib2.sm1.eakufd1.de2" name="kri1.ib2.sm1.eakufd1.de2" typ="typ.deUfd">
			<info>
				<kurzinfo>info</kurzinfo>
			</info>
		</konfigurationsObjekt>

		<konfigurationsObjekt pid="kri1.ib2.sm1.eaklve1.de1" name="kri1.ib2.sm1.eaklve1.de1" typ="typ.deLve">
			<info>
				<kurzinfo>info</kurzinfo>
			</info>
		</konfigurationsObjekt>

		<konfigurationsObjekt pid="kri1.ib2.sm2.eaklve1.de1" name="kri1.ib2.sm2.eaklve1.de1" typ="typ.deLve">
			<info>
				<kurzinfo>info</kurzinfo>
			</info>
		</konfigurationsObjekt>
		
		<konfigurationsObjekt pid="kri1.ib2.sm2.eaklve1.de2" name="kri1.ib2.sm2.eaklve1.de2" typ="typ.deLve">
			<info>
				<kurzinfo>info</kurzinfo>
			</info>
		</konfigurationsObjekt>

		<konfigurationsObjekt pid="kri1.ib2.sm3.eaklve1.de1" name="kri1.ib2.sm3.eaklve1.de1" typ="typ.deLve">
			<info>
				<kurzinfo>info</kurzinfo>
			</info>
		</konfigurationsObjekt>
		

<!-- Testmodell nach PrSpez -->

		<konfigurationsObjekt pid="UZ" name="UZ" typ="typ.uz">
			<info>
				<kurzinfo>info</kurzinfo>
			</info>
			<objektMenge name="AnschlussPunkteGerät">
				<element pid="AP.UZ" />
			</objektMenge>
		</konfigurationsObjekt>

		<konfigurationsObjekt pid="AP.UZ" name="AP.UZ" typ="typ.anschlussPunkt">
			<info>
				<kurzinfo>info</kurzinfo>
			</info>
			<objektMenge name="AnschlussPunkteKommunikationsPartner">
				<element pid="KP.AP.UZ" />
			</objektMenge>
		</konfigurationsObjekt>

		<konfigurationsObjekt pid="KP.AP.UZ" name="KP.AP.UZ" typ="typ.anschlussPunktKommunikationsPartner">
			<info>
				<kurzinfo>info</kurzinfo>
			</info>
			<datensatz attributgruppe="atg.anschlussPunktKommunikationsPartner">
				<datum name="Bezeichnung" wert="egal" />
				<datum name="ProtokollTyp" wert="egal" />
				<datum name="KommunikationsPartner" wert="KRI" />
				<datum name="PortNummer" wert="1" />
			</datensatz>
		</konfigurationsObjekt>

		<konfigurationsObjekt pid="KRI" name="kri1" typ="typ.kri">
			<info>
				<kurzinfo>info</kurzinfo>
			</info>
			<objektMenge name="AnschlussPunkteGerät">
				<element pid="Inselbus1" />
				<element pid="Inselbus2" />
			</objektMenge>
		</konfigurationsObjekt>
		
<!-- Anschlusspunkte -->

		<konfigurationsObjekt pid="Inselbus2" name="Inselbus2" typ="typ.anschlussPunkt">
			<info>
				<kurzinfo>info</kurzinfo>
			</info>
			<objektMenge name="AnschlussPunkteKommunikationsPartner">
				<element pid="Inselbus2.apkp1" />
			</objektMenge>
		</konfigurationsObjekt>
		
		<konfigurationsObjekt pid="Inselbus1" name="Inselbus1" typ="typ.anschlussPunkt">
			<info>
				<kurzinfo>info</kurzinfo>
			</info>
			<objektMenge name="AnschlussPunkteKommunikationsPartner">
				<element pid="Inselbus1.apkp1" />
				<element pid="Inselbus1.apkp2" />
				<element pid="Inselbus1.apkp3" />
			</objektMenge>
		</konfigurationsObjekt>
		
<!-- Kommunikationspartner -->
		
		<konfigurationsObjekt pid="Inselbus2.apkp1" name="Inselbus2.apkp1" typ="typ.anschlussPunktKommunikationsPartner">
			<info>
				<kurzinfo>info</kurzinfo>
			</info>
			<datensatz attributgruppe="atg.anschlussPunktKommunikationsPartner">
				<datum name="Bezeichnung" wert="egal" />
				<datum name="ProtokollTyp" wert="egal" />
				<datum name="KommunikationsPartner" wert="SM4" />
				<datum name="PortNummer" wert="1" />
			</datensatz>
		</konfigurationsObjekt>
		
		<konfigurationsObjekt pid="Inselbus1.apkp1" name="Inselbus1.apkp1" typ="typ.anschlussPunktKommunikationsPartner">
			<info>
				<kurzinfo>info</kurzinfo>
			</info>
			<datensatz attributgruppe="atg.anschlussPunktKommunikationsPartner">
				<datum name="Bezeichnung" wert="egal" />
				<datum name="ProtokollTyp" wert="egal" />
				<datum name="KommunikationsPartner" wert="SM1" />
				<datum name="PortNummer" wert="1" />
			</datensatz>
		</konfigurationsObjekt>

		<konfigurationsObjekt pid="Inselbus1.apkp2" name="Inselbus1.apkp2" typ="typ.anschlussPunktKommunikationsPartner">
			<info>
				<kurzinfo>info</kurzinfo>
			</info>
			<datensatz attributgruppe="atg.anschlussPunktKommunikationsPartner">
				<datum name="Bezeichnung" wert="egal" />
				<datum name="ProtokollTyp" wert="egal" />
				<datum name="KommunikationsPartner" wert="SM2" />
				<datum name="PortNummer" wert="1" />
			</datensatz>
		</konfigurationsObjekt>
		
		<konfigurationsObjekt pid="Inselbus1.apkp3" name="Inselbus1.apkp3" typ="typ.anschlussPunktKommunikationsPartner">
			<info>
				<kurzinfo>info</kurzinfo>
			</info>
			<datensatz attributgruppe="atg.anschlussPunktKommunikationsPartner">
				<datum name="Bezeichnung" wert="egal" />
				<datum name="ProtokollTyp" wert="egal" />
				<datum name="KommunikationsPartner" wert="SM3" />
				<datum name="PortNummer" wert="1" />
			</datensatz>
		</konfigurationsObjekt>
		
<!-- Steuermodule -->		

		<konfigurationsObjekt pid="SM1" name="SM1" typ="typ.steuerModul">
			<info>
				<kurzinfo>info</kurzinfo>
			</info>
			<objektMenge name="AnschlussPunkteGerät">
			</objektMenge>
			<objektMenge name="Eak">
				<element pid="EAK1" />
				<element pid="EAK2" />
			</objektMenge>
		</konfigurationsObjekt>

		<konfigurationsObjekt pid="SM2" name="SM2" typ="typ.steuerModul">
			<info>
				<kurzinfo>info</kurzinfo>
			</info>
			<objektMenge name="AnschlussPunkteGerät">
			</objektMenge>
			<objektMenge name="Eak">
				<element pid="EAK3" />
				<element pid="EAK4" />
			</objektMenge>
		</konfigurationsObjekt>

		<konfigurationsObjekt pid="SM3" name="SM3" typ="typ.steuerModul">
			<info>
				<kurzinfo>info</kurzinfo>
			</info>
			<objektMenge name="AnschlussPunkteGerät">
			</objektMenge>
			<objektMenge name="Eak">
				<element pid="EAK5" />
				<element pid="EAK6" />
			</objektMenge>
		</konfigurationsObjekt>

		<konfigurationsObjekt pid="SM4" name="SM4" typ="typ.steuerModul">
			<info>
				<kurzinfo>info</kurzinfo>
			</info>
			<objektMenge name="AnschlussPunkteGerät">
			</objektMenge>
			<objektMenge name="Eak">
				<element pid="EAK7" />
				<element pid="EAK8" />
			</objektMenge>
		</konfigurationsObjekt>

<!-- EAKs -->

		<konfigurationsObjekt pid="EAK1" name="EAK1" typ="typ.eak">
			<info>
				<kurzinfo>info</kurzinfo>
			</info>
			<objektMenge name="De">
				<element pid="DE1" />
				<element pid="DE2" />
			</objektMenge>
		</konfigurationsObjekt>

		<konfigurationsObjekt pid="EAK2" name="EAK2" typ="typ.eak">
			<info>
				<kurzinfo>info</kurzinfo>
			</info>
			<objektMenge name="De">
				<element pid="DE3" />
				<element pid="DE4" />
			</objektMenge>
		</konfigurationsObjekt>

		<konfigurationsObjekt pid="EAK3" name="EAK3" typ="typ.eak">
			<info>
				<kurzinfo>info</kurzinfo>
			</info>
			<objektMenge name="De">
				<element pid="DE5" />
				<element pid="DE6" />
			</objektMenge>
		</konfigurationsObjekt>

		<konfigurationsObjekt pid="EAK4" name="EAK4" typ="typ.eak">
			<info>
				<kurzinfo>info</kurzinfo>
			</info>
			<objektMenge name="De">
				<element pid="DE7" />
				<element pid="DE8" />
			</objektMenge>
		</konfigurationsObjekt>

		<konfigurationsObjekt pid="EAK5" name="EAK5" typ="typ.eak">
			<info>
				<kurzinfo>info</kurzinfo>
			</info>
			<objektMenge name="De">
				<element pid="DE9" />
				<element pid="DE10" />
			</objektMenge>
		</konfigurationsObjekt>

		<konfigurationsObjekt pid="EAK6" name="EAK6" typ="typ.eak">
			<info>
				<kurzinfo>info</kurzinfo>
			</info>
			<objektMenge name="De">
				<element pid="DE11" />
				<element pid="DE12" />
			</objektMenge>
		</konfigurationsObjekt>
		
		<konfigurationsObjekt pid="EAK7" name="EAK7" typ="typ.eak">
			<info>
				<kurzinfo>info</kurzinfo>
			</info>
			<objektMenge name="De">
				<element pid="DE13" />
				<element pid="DE14" />
			</objektMenge>
		</konfigurationsObjekt>
		
		<konfigurationsObjekt pid="EAK8" name="EAK8" typ="typ.eak">
			<info>
				<kurzinfo>info</kurzinfo>
			</info>
			<objektMenge name="De">
				<element pid="DE15" />
				<element pid="DE16" />
			</objektMenge>
		</konfigurationsObjekt>
		
<!-- Des -->

		<konfigurationsObjekt pid="DE1" name="DE1" typ="typ.deTest">
			<info>
				<kurzinfo>info</kurzinfo>
			</info>
		</konfigurationsObjekt>

		<konfigurationsObjekt pid="DE2" name="DE2" typ="typ.deTest">
			<info>
				<kurzinfo>info</kurzinfo>
			</info>
		</konfigurationsObjekt>

		<konfigurationsObjekt pid="DE3" name="DE3" typ="typ.deTest">
			<info>
				<kurzinfo>info</kurzinfo>
			</info>
		</konfigurationsObjekt>

		<konfigurationsObjekt pid="DE4" name="DE4" typ="typ.deTest">
			<info>
				<kurzinfo>info</kurzinfo>
			</info>
		</konfigurationsObjekt>

		<konfigurationsObjekt pid="DE5" name="DE5" typ="typ.deTest">
			<info>
				<kurzinfo>info</kurzinfo>
			</info>
		</konfigurationsObjekt>

		<konfigurationsObjekt pid="DE6" name="DE6" typ="typ.deTest">
			<info>
				<kurzinfo>info</kurzinfo>
			</info>
		</konfigurationsObjekt>

		<konfigurationsObjekt pid="DE7" name="DE7" typ="typ.deTest">
			<info>
				<kurzinfo>info</kurzinfo>
			</info>
		</konfigurationsObjekt>

		<konfigurationsObjekt pid="DE8" name="DE8" typ="typ.deTest">
			<info>
				<kurzinfo>info</kurzinfo>
			</info>
		</konfigurationsObjekt>

		<konfigurationsObjekt pid="DE9" name="DE9" typ="typ.deTest">
			<info>
				<kurzinfo>info</kurzinfo>
			</info>
		</konfigurationsObjekt>

		<konfigurationsObjekt pid="DE10" name="DE10" typ="typ.deTest">
			<info>
				<kurzinfo>info</kurzinfo>
			</info>
		</konfigurationsObjekt>

		<konfigurationsObjekt pid="DE11" name="DE11" typ="typ.deTest">
			<info>
				<kurzinfo>info</kurzinfo>
			</info>
		</konfigurationsObjekt>

		<konfigurationsObjekt pid="DE12" name="DE12" typ="typ.deTest">
			<info>
				<kurzinfo>info</kurzinfo>
			</info>
		</konfigurationsObjekt>

		<konfigurationsObjekt pid="DE13" name="DE13" typ="typ.deTest">
			<info>
				<kurzinfo>info</kurzinfo>
			</info>
		</konfigurationsObjekt>

		<konfigurationsObjekt pid="DE14" name="DE14" typ="typ.deTest">
			<info>
				<kurzinfo>info</kurzinfo>
			</info>
		</konfigurationsObjekt>

		<konfigurationsObjekt pid="DE15" name="DE15" typ="typ.deTest">
			<info>
				<kurzinfo>info</kurzinfo>
			</info>
		</konfigurationsObjekt>

		<konfigurationsObjekt pid="DE16" name="DE16" typ="typ.deTest">
			<info>
				<kurzinfo>info</kurzinfo>
			</info>
		</konfigurationsObjekt>
		

		<konfigurationsObjekt pid="DeFa" name="DeFa" typ="typ.tlsFehlerAnalyse">
			<info>
				<kurzinfo>info</kurzinfo>
			</info>
		</konfigurationsObjekt>
					
    </objekte>
</konfigurationsBereich>