<?xml version="1.0" encoding="ISO-8859-1" standalone="no"?>
<!DOCTYPE verwaltungsdaten PUBLIC "-//K2S//DTD Verwaltung//DE" "verwaltungsdaten.dtd">
<verwaltungsdaten>
	<konfigurationsverantwortlicher pid="kv.inovat"/>
	<konfigurationsbereich pid="kb.kv.inovat" verzeichnis="../../kv.inovat/config/">
		<version nr="1" zeitpunkt="03.03.2007 17:58:38,000"/>
	</konfigurationsbereich>
	<konfigurationsbereich pid="kb.tmEreignisKalenderGlobal" verzeichnis="../../kv.inovat/config/">
		<version nr="1" zeitpunkt="03.03.2007 17:58:38,000"/>
		<version nr="2" zeitpunkt="05.03.2007 20:54:15,698"/>
		<version nr="3" zeitpunkt="08.03.2007 17:04:58,888"/>
		<version nr="4" zeitpunkt="16.03.2007 18:04:47,560"/>
		<version nr="5" zeitpunkt="20.03.2007 22:41:27,023"/>
		<version nr="6" zeitpunkt="04.06.2007 15:55:41,140"/>
		<version nr="7" zeitpunkt="10.06.2007 13:07:30,640"/>
	<version nr="8" zeitpunkt="09.07.2007 08:07:09,515"/>
</konfigurationsbereich>
	<konfigurationsbereich pid="kb.tmGanglinienGlobal" verzeichnis="../../kv.inovat/config/">
		<version nr="1" zeitpunkt="03.03.2007 17:58:38,000"/>
		<version nr="2" zeitpunkt="05.03.2007 20:54:15,698"/>
		<version nr="3" zeitpunkt="08.03.2007 17:04:58,888"/>
		<version nr="4" zeitpunkt="16.03.2007 18:04:47,560"/>
		<version nr="5" zeitpunkt="20.03.2007 22:41:27,023"/>
		<version nr="6" zeitpunkt="04.06.2007 15:55:41,140"/>
		<version nr="7" zeitpunkt="10.06.2007 13:07:30,640"/>
	<version nr="8" zeitpunkt="20.07.2007 06:40:50,843"/>
</konfigurationsbereich>
	<konfigurationsbereich pid="kb.tmGeoReferenzierungGlobal" verzeichnis="../../kv.inovat/config/">
		<version nr="1" zeitpunkt="03.03.2007 17:58:38,000"/>
		<version nr="2" zeitpunkt="08.03.2007 17:04:58,888"/>
	</konfigurationsbereich>
	<konfigurationsbereich pid="kb.tmKExTlsGlobal" verzeichnis="../../kv.inovat/config/">
		<version nr="1" zeitpunkt="03.03.2007 17:58:38,000"/>
		<version nr="2" zeitpunkt="05.03.2007 20:54:15,698"/>
		<version nr="3" zeitpunkt="16.03.2007 18:04:47,560"/>
		<version nr="4" zeitpunkt="26.06.2007 09:28:19,734"/>
	</konfigurationsbereich>
	<konfigurationsbereich pid="kb.tmSystemKalenderGlobal" verzeichnis="../../kv.inovat/config/">
		<version nr="1" zeitpunkt="03.03.2007 17:58:38,000"/>
		<version nr="2" zeitpunkt="08.03.2007 17:04:58,888"/>
		<version nr="3" zeitpunkt="16.03.2007 18:04:47,560"/>
		<version nr="4" zeitpunkt="20.03.2007 22:41:27,023"/>
		<version nr="5" zeitpunkt="04.06.2007 15:55:41,140"/>
	</konfigurationsbereich>
	<konfigurationsbereich pid="kb.tmTmcGlobal" verzeichnis="../../kv.inovat/config/">
		<version nr="1" zeitpunkt="03.03.2007 17:58:38,000"/>
		<version nr="2" zeitpunkt="08.03.2007 17:04:58,888"/>
		<version nr="3" zeitpunkt="20.03.2007 22:41:27,033"/>
		<version nr="4" zeitpunkt="26.06.2007 11:11:27,703"/>
	</konfigurationsbereich>
	<konfigurationsbereich pid="kb.tmUmfeldDatenGlobal" verzeichnis="../../kv.inovat/config/">
		<version nr="1" zeitpunkt="03.03.2007 17:58:38,000"/>
		<version nr="2" zeitpunkt="08.03.2007 17:04:58,908"/>
		<version nr="4" zeitpunkt="15.03.2007 09:46:01,945"/>
		<version nr="5" zeitpunkt="16.03.2007 18:04:47,560"/>
		<version nr="6" zeitpunkt="18.03.2007 16:26:08,806"/>
		<version nr="7" zeitpunkt="18.03.2007 17:58:23,434"/>
		<version nr="8" zeitpunkt="20.03.2007 22:41:27,033"/>
		<version nr="9" zeitpunkt="02.05.2007 12:13:32,046"/>
		<version nr="10" zeitpunkt="04.05.2007 11:46:36,437"/>
		<version nr="11" zeitpunkt="14.05.2007 09:24:53,187"/>
		<version nr="12" zeitpunkt="04.06.2007 15:55:41,140"/>
		<version nr="13" zeitpunkt="10.06.2007 13:07:30,640"/>
	<version nr="14" zeitpunkt="02.07.2007 06:49:17,406"/>
<version nr="15" zeitpunkt="09.07.2007 08:07:09,515"/>
</konfigurationsbereich>
	<konfigurationsbereich pid="kb.tmVerkehrGlobal" verzeichnis="../../kv.inovat/config/">
		<version nr="1" zeitpunkt="03.03.2007 17:58:38,000"/>
		<version nr="2" zeitpunkt="05.03.2007 20:54:15,698"/>
		<version nr="3" zeitpunkt="16.03.2007 18:04:47,560"/>
		<version nr="4" zeitpunkt="18.03.2007 17:58:23,434"/>
		<version nr="5" zeitpunkt="19.03.2007 07:19:16,161"/>
		<version nr="6" zeitpunkt="20.03.2007 07:58:52,477"/>
		<version nr="7" zeitpunkt="20.03.2007 08:15:50,141"/>
		<version nr="8" zeitpunkt="20.03.2007 09:45:45,509"/>
		<version nr="10" zeitpunkt="20.03.2007 22:41:27,033"/>
		<version nr="11" zeitpunkt="02.05.2007 12:13:32,062"/>
		<version nr="12" zeitpunkt="04.06.2007 15:55:41,140"/>
		<version nr="13" zeitpunkt="10.06.2007 13:07:30,640"/>
		<version nr="14" zeitpunkt="14.06.2007 09:54:44,703"/>
	<version nr="15" zeitpunkt="09.07.2007 08:07:09,515"/>
<version nr="16" zeitpunkt="20.07.2007 06:40:50,843"/>
<version nr="17" zeitpunkt="28.09.2007 19:30:59,046"/>
<version nr="18" zeitpunkt="03.10.2007 15:46:14,015"/>
</konfigurationsbereich>
	<konfigurationsbereich pid="kb.kv.bea" verzeichnis="../../kv.bea/config/">
		<version nr="1" zeitpunkt="03.03.2007 17:58:38,000"/>
	</konfigurationsbereich>
	<konfigurationsbereich pid="kb.tmVewProtokolleGlobal" verzeichnis="../../kv.bea/config/">
		<version nr="1" zeitpunkt="03.03.2007 17:58:38,000"/>
		<version nr="2" zeitpunkt="08.03.2007 17:04:58,908"/>
	</konfigurationsbereich>
	<konfigurationsbereich pid="kb.fachModellGlobal" verzeichnis="../../kv.kappich/config/">
		<version nr="1" zeitpunkt="03.03.2007 17:58:38,000"/>
		<version nr="2" zeitpunkt="05.03.2007 20:54:15,698"/>
		<version nr="4" zeitpunkt="15.03.2007 09:46:01,945"/>
		<version nr="5" zeitpunkt="18.03.2007 16:26:08,806"/>
		<version nr="6" zeitpunkt="18.03.2007 17:58:23,434"/>
		<version nr="7" zeitpunkt="20.03.2007 09:45:45,509"/>
	</konfigurationsbereich>
	<konfigurationsbereich pid="kb.kv.kappich" verzeichnis="../../kv.kappich/config/">
		<version nr="1" zeitpunkt="03.03.2007 17:58:38,000"/>
	</konfigurationsbereich>
	<konfigurationsbereich pid="kb.metaModellGlobal" verzeichnis="../../kv.kappich/config/">
		<version nr="1" zeitpunkt="03.03.2007 17:58:38,000"/>
		<version nr="4" zeitpunkt="15.03.2007 09:46:01,945"/>
		<version nr="6" zeitpunkt="04.06.2007 15:11:13,031"/>
		<version nr="7" zeitpunkt="02.07.2007 06:23:51,312"/>
	<version nr="8" zeitpunkt="20.07.2007 06:40:50,843"/>
</konfigurationsbereich>
	<konfigurationsbereich pid="kb.systemModellAoe" verzeichnis="../../kv.kappich/config/">
		<version nr="1" zeitpunkt="03.03.2007 17:58:38,000"/>
		<version nr="2" zeitpunkt="11.06.2007 21:26:22,546"/>
	</konfigurationsbereich>
	<konfigurationsbereich pid="kb.systemModellGlobal" verzeichnis="../../kv.kappich/config/">
		<version nr="1" zeitpunkt="03.03.2007 17:58:38,000"/>
		<version nr="2" zeitpunkt="15.03.2007 09:46:01,945"/>
		<version nr="3" zeitpunkt="18.03.2007 16:26:08,806"/>
		<version nr="4" zeitpunkt="20.03.2007 22:41:27,033"/>
		<version nr="5" zeitpunkt="04.06.2007 15:11:13,031"/>
		<version nr="10" zeitpunkt="11.06.2007 21:26:22,546"/>
		<version nr="11" zeitpunkt="26.06.2007 10:15:57,593"/>
		<version nr="12" zeitpunkt="02.07.2007 06:23:51,312"/>
	<version nr="13" zeitpunkt="20.07.2007 06:40:50,843"/>
</konfigurationsbereich>
	<konfigurationsbereich pid="kb.tmIlseTls" verzeichnis="../../kv.kappich/config/">
		<version nr="1" zeitpunkt="03.03.2007 17:58:38,000"/>
		<version nr="2" zeitpunkt="15.03.2007 09:46:01,945"/>
		<version nr="3" zeitpunkt="18.03.2007 16:26:08,816"/>
	</konfigurationsbereich>
	<konfigurationsbereich pid="kb.tmVewBetriebGlobal" verzeichnis="../../kv.kappich/config/">
		<version nr="1" zeitpunkt="03.03.2007 17:58:38,000"/>
		<version nr="2" zeitpunkt="15.03.2007 09:46:01,945"/>
	</konfigurationsbereich>
	<konfigurationsbereich pid="kb.tmVewSimulationGlobal" verzeichnis="../../kv.kappich/config/">
		<version nr="1" zeitpunkt="03.03.2007 17:58:38,000"/>
		<version nr="2" zeitpunkt="15.03.2007 09:46:01,945"/>
		<version nr="3" zeitpunkt="18.03.2007 16:26:08,816"/>
		<version nr="4" zeitpunkt="02.07.2007 06:23:51,312"/>
	</konfigurationsbereich>
</verwaltungsdaten>
